TYPE,DEVICE_ID,MAIN_CATEGORY,SUB_CATEGORY,REG_NAME,REG_ADDR,RL,VL,VAR_NAME,SB,EB,FORMAT,UI_VAR,VAR_ATT,APP_ORD
ISP,0x67350232,OBC,Offset,CAM OBC OFFSET 0,0x4500,4,4,OBOFFSET0,0,12,HEX,,RW,
,,,,CAM OBC OFFSET 1,0x4504,4,4,OBOFFSET1,0,12,HEX,,RW,
,,,,CAM OBC OFFSET 2,0x4508,4,4,OBOFFSET2,0,12,HEX,,RW,
,,,,CAM OBC OFFSET 3,0x450C,4,4,OBOFFSET3,0,12,HEX,,RW,
,,,Gain,CAM OBC GAIN0,0x4510,4,4,OBGAIN0,0,12,HEX,,RW,
,,,,CAM OBC GAIN1,0x4514,4,4,OBGAIN1,0,12,HEX,,RW,
,,,,CAM OBC GAIN2,0x4518,4,4,OBGAIN2,0,12,HEX,,RW,
,,,,CAM OBC GAIN3,0x451C,4,4,OBGAIN3,0,12,HEX,,RW,
,,BPC,Control,CAM BPC_CON,0x4800,4,4,BPC_ENABLE,0,0,HEX,,RW,
,,,,CAM BPC_CON,0x4800,4,4,BPC_HF_MODE,8,8,HEX,,RW,
,,,,CAM BPC_CON,0x4800,4,4,BPC_THR_MODE,9,9,HEX,,RW,
,,,,CAM BPC_CON,0x4800,4,4,BPC_CROSSTALK_OPTION_ENABLE,20,20,HEX,,RW,
,,,Detection,CAM BPC_CD1_1,0x4804,4,4,BPC_CON_DARK_G_THR_LA,0,7,HEX,,RW,
,,,,CAM BPC_CD1_1,0x4804,4,4,BPC_CON_DARK_G_THR_LB,8,15,HEX,,RW,
,,,,CAM BPC_CD1_1,0x4804,4,4,BPC_CON_DARK_G_THR_LC,16,23,HEX,,RW,
,,,,CAM BPC_CD1_1,0x4804,4,4,BPC_CON_DARK_G_LA,24,31,HEX,,RW,
,,,,CAM BPC_CD1_2,0x4808,4,4,BPC_CON_DARK_G_LB,0,7,HEX,,RW,
,,,,CAM BPC_CD1_2,0x4808,4,4,BPC_CON_BRIGHT_G_THR_LA,8,15,HEX,,RW,
,,,,CAM BPC_CD1_2,0x4808,4,4,BPC_CON_BRIGHT_G_THR_LB,16,23,HEX,,RW,
,,,,CAM BPC_CD1_2,0x4808,4,4,BPC_CON_BRIGHT_G_THR_LC,24,31,HEX,,RW,
,,,,CAM BPC_CD1_3,0x480C,4,4,BPC_CON_BRIGHT_G_LA,0,7,HEX,,RW,
,,,,CAM BPC_CD1_3,0x480C,4,4,BPC_CON_BRIGHT_G_LB,8,15,HEX,,RW,
,,,,CAM BPC_CD1_3,0x480C,4,4,BPC_CON_DARK_RB_THR_LA,16,23,HEX,,RW,
,,,,CAM BPC_CD1_3,0x480C,4,4,BPC_CON_DARK_RB_THR_LB,24,31,HEX,,RW,
,,,,CAM BPC_CD1_4,0x4810,4,4,BPC_CON_DARK_RB_THR_LC,0,7,HEX,,RW,
,,,,CAM BPC_CD1_4,0x4810,4,4,BPC_CON_DARK_RB_LA,8,15,HEX,,RW,
,,,,CAM BPC_CD1_4,0x4810,4,4,BPC_CON_DARK_RB_LB,16,23,HEX,,RW,
,,,,CAM BPC_CD1_4,0x4810,4,4,BPC_CON_BRIGHT_RB_THR_LA,24,31,HEX,,RW,
,,,,CAM BPC_CD1_5,0x4814,4,4,BPC_CON_BRIGHT_RB_THR_LB,0,7,HEX,,RW,
,,,,CAM BPC_CD1_5,0x4814,4,4,BPC_CON_BRIGHT_RB_THR_LC,8,15,HEX,,RW,
,,,,CAM BPC_CD1_5,0x4814,4,4,BPC_CON_BRIGHT_RB_LA,16,23,HEX,,RW,
,,,,CAM BPC_CD1_5,0x4814,4,4,BPC_CON_BRIGHT_RB_LB,24,31,HEX,,RW,
,,,,CAM BPC_CD1_6,0x4818,4,4,BPC_CON_CLAMP_VAR_G_LB,0,5,HEX,,RW,
,,,,CAM BPC_CD1_6,0x4818,4,4,BPC_CON_CLAMP_VAR_G_UB,6,15,HEX,,RW,
,,,,CAM BPC_CD1_6,0x4818,4,4,BPC_CON_CLAMP_VAR_RB_LB,16,21,HEX,,RW,
,,,,CAM BPC_CD1_6,0x4818,4,4,BPC_CON_CLAMP_VAR_RB_UB,22,31,HEX,,RW,
,,,,CAM BPC_CD2_1,0x481C,4,4,BPC_HF_OFFSET_G,0,11,HEX,,RW,
,,,,CAM BPC_CD2_1,0x481C,4,4,BPC_HF_SEG_G[11:0],12,23,HEX,,RW,
,,,,CAM BPC_CD2_1,0x481C,4,4,BPC_HF_SLOPE_A_G,24,28,HEX,,RW,
,,,,CAM BPC_CD2_2,0x4820,4,4,BPC_HF_OFFSET_RB,0,11,HEX,,RW,
,,,,CAM BPC_CD2_2,0x4820,4,4,BPC_HF_SEG_RB[11:0],12,23,HEX,,RW,
,,,,CAM BPC_CD2_2,0x4820,4,4,BPC_HF_SLOPE_A_RB,24,28,HEX,,RW,
,,,,CAM BPC_CD2_3,0x4824,4,4,BPC_HF_VAR_THR,0,9,HEX,,RW,
,,,,CAM BPC_CD2_3,0x4824,4,4,BPC_HF_DIFF_THR,12,15,HEX,,RW,
,,,,CAM BPC_CD2_3,0x4824,4,4,BPC_CON_AVG_OFFSET,16,20,HEX,,RW,
,,,,CAM BPC_CD2_3,0x4824,4,4,BPC_HF_OFFSET_ALL,24,31,HEX,,RW,
,,,,CAM BPC_CD0,0x4828,4,4,BPC_IN_RANGE_NUM,0,3,HEX,,RW,
,,,,CAM BPC_CD0,0x4828,4,4,BPC_HF_SLOPE_B_G,8,13,HEX,,RW,
,,,,CAM BPC_CD0,0x4828,4,4,BPC_HF_SLOPE_B_RB,16,21,HEX,,RW,
,,,,CAM BPC_CD0,0x4828,4,4,BPC_CON_EXTRA_THR,24,27,HEX,,RW,
,,,,CAM BPC_COR,0x4830,4,4,BPC_RANKING_INDEX,16,18,HEX,,RW,
,,,,CAM NR1_CON,0x4840,4,4,NR1_CT_EN,4,4,HEX,,RW,
,,,,CAM NR1_CT_CON,0x4844,4,4,NR1_CT_MD,0,1,HEX,,RW,
,,,,CAM NR1_CT_CON,0x4844,4,4,NR1_CT_MD2,2,3,HEX,,RW,
,,,,CAM NR1_CT_CON,0x4844,4,4,NR1_CT_THRD,4,13,HEX,,RW,
,,,,CAM NR1_CT_CON,0x4844,4,4,NR1_MBND,16,25,HEX,,RW,
,,,,CAM NR1_CT_CON,0x4844,4,4,NR1_CT_SLOPE,28,29,HEX,,RW,
,,,,CAM NR1_CT_CON,0x4844,4,4,NR1_CT_DIV,30,31,HEX,,RW,
,,,,CAM LSC_CTL1,0x4530,4,4,SDBLK_YOFST,0,5,HEX,,RW,
,,,,CAM LSC_CTL1,0x4530,4,4,SDBLK_XOFST,16,21,HEX,,RW,
,,,,CAM LSC_CTL1,0x4530,4,4,SD_COEFRD_MODE,24,24,HEX,,RW,
,,,,CAM LSC_CTL1,0x4530,4,4,SD_ULTRA_MODE,28,28,HEX,,RW,
,,,,CAM LSC_CTL2,0x4534,4,4,SDBLK_WIDTH,0,11,HEX,,RW,
,,,,CAM LSC_CTL2,0x4534,4,4,SDBLK_XNUM[4:0],12,16,HEX,,RW,
,,,,CAM LSC_CTL2,0x4534,4,4,LSC_OFFLINE,17,17,HEX,,RW,
,,,,CAM LSC_CTL3,0x4538,4,4,SDBLK_HEIGHT,0,11,HEX,,RW,
,,,,CAM LSC_CTL3,0x4538,4,4,SDBLK_YNUM[4:0],12,16,HEX,,RW,
,,,,CAM LSC_CTL3,0x4538,4,4,LSC_SPARE,17,31,HEX,,RW,
,,,,CAM LSC_LBLO _CK,0x453C,4,4,SDBLK_lHEIGHT,0,11,HEX,,RW,
,,,,CAM LSC_LBLO _CK,0x453C,4,4,SDBLK_lWIDTH,16,27,HEX,,RW,
,,,,CAM LSC_RATIO,0x4540,4,4,RATIO11,0,5,HEX,,RW,
,,,,CAM LSC_RATIO,0x4540,4,4,RATIO10,8,13,HEX,,RW,
,,,,CAM LSC_RATIO,0x4540,4,4,RATIO01,16,21,HEX,,RW,
,,,,CAM LSC_RATIO,0x4540,4,4,RATIO00,24,29,HEX,,RW,
,,,,CAM LSC_TILE_OFST,0x4544,4,4,SD_TILE_YOFST,0,11,HEX,,RW,
,,,,CAM LSC_TILE_OFST,0x4544,4,4,SD_TILE_XOFST,16,27,HEX,,RW,
,,,,CAM LSC_TILE_SIZE,0x4548,4,4,SD_TILE_YSIZE,0,12,HEX,,RW,
,,,,CAM LSC_TILE_SIZE,0x4548,4,4,SD_TILE_XSIZE,16,28,HEX,,RW,
,,,,CAM LSC_GAIN_TH,0x454C,4,4,SDBLK_GAIN_TH2,0,8,HEX,,RW,
,,,,CAM LSC_GAIN_TH,0x454C,4,4,SDBLK_GAIN_TH1[8:0],10,18,HEX,,RW,
,,,,CAM LSC_GAIN_TH,0x454C,4,4,SDBLK_GAIN_TH0,20,28,HEX,,RW,
,,,,CAM AWB_RAW_PREGAIN1_0,0x45C0,4,4,RAWPREGAIN1_R,0,12,HEX,,RW,
,,,,CAM AWB_RAW_PREGAIN1_0,0x45C0,4,4,RAWPREGAIN1_G,16,28,HEX,,RW,
,,,,CAM AWB_RAW_PREGAIN1_1,0x45C4,4,4,RAWPREGAIN1_B,0,12,HEX,,RW,
,,,,CAM CFA_BYPASS,0x48A0,4,4,BAYER_BYPASS,0,0,HEX,,RW,
,,,,CAM CFA_BYPASS,0x48A0,4,4,BAYER_DEBUG_MODE,1,2,HEX,,RW,
,,,,CAM CFA_BYPASS,0x48A0,4,4,HF_LSC_MAX22_BYPASS,3,3,HEX,,RW,
,,,,CAM CFA_ED_F,0x48A4,4,4,BAYER_FLAT_DET_MODE,0,0,HEX,,RW,
,,,,CAM CFA_ED_F,0x48A4,4,4,BAYER_STEP_DET_MODE,1,1,HEX,,RW,
,,,,CAM CFA_ED_F,0x48A4,4,4,BAYER_FLAT_TH,8,15,HEX,,RW,
,,,,CAM CFA_ED_NYQ,0x48A8,4,4,BAYER_NYQ_TH,0,7,HEX,,RW,
,,,,CAM CFA_ED_NYQ,0x48A8,4,4,BAYER_NYQ_TH2,8,15,HEX,,RW,
,,,,CAM CFA_ED_NYQ,0x48A8,4,4,BAYER_NYQ_TH3,16,23,HEX,,RW,
,,,,CAM CFA_ED_NYQ,0x48A8,4,4,BAYER_HF_NYQ_GAIN,24,25,HEX,,RW,
,,,,CAM CFA_ED_STEP,0x48AC,4,4,BAYER_STEP_TH,0,7,HEX,,RW,
,,,,CAM CFA_ED_STEP,0x48AC,4,4,BAYER_STEP2_TH,8,15,HEX,,RW,
,,,,CAM CFA_ED_STEP,0x48AC,4,4,BAYER_STEP3_TH,16,23,HEX,,RW,
,,,,CAM CFA_ED_STEP,0x48AC,4,4,BAYER_RB_MODE,31,31,HEX,,RW,
,,,,CAM CFA_RGB_HF,0x48B0,4,4,BAYER_HF_CORE_G,0,4,HEX,,RW,
,,,,CAM CFA_RGB_HF,0x48B0,4,4,BAYER_RB_ROUGH_F,5,9,HEX,,RW,
,,,,CAM CFA_RGB_HF,0x48B0,4,4,BAYER_RB_ROUGH_D,10,14,HEX,,RW,
,,,,CAM CFA_RGB_HF,0x48B0,4,4,BAYER_G_ROUGH_F[4:0],15,19,HEX,,RW,
,,,,CAM CFA_RGB_HF,0x48B0,4,4,BAYER_G_ROUGH_D,20,24,HEX,,RW,
,,,,CAM CFA_RGB_HF,0x48B0,4,4,BAYER_RB_MODE_F,25,26,HEX,,RW,
,,,,CAM CFA_RGB_HF,0x48B0,4,4,BAYER_RB_MODE_D,27,28,HEX,,RW,
,,,,CAM CFA_RGB_HF,0x48B0,4,4,BAYER_RB_MODE_HV,29,30,HEX,,RW,
,,,,CAM CFA_RGB_HF,0x48B0,4,4,BAYER_SSG_MODE,31,31,HEX,,RW,
,,,,CAM CFA_BW,0x48B4,4,4,BAYER_BD_TH,0,7,HEX,,RW,
,,,,CAM CFA_BW,0x48B4,4,4,BAYER_WD_TH,8,15,HEX,,RW,
,,,,CAM CFA_F1_ACT,0x48B8,4,4,BAYER_F1_TH1,0,8,HEX,,RW,
,,,,CAM CFA_F1_ACT,0x48B8,4,4,BAYER_F1_TH2[8:0],9,17,HEX,,RW,
,,,,CAM CFA_F1_ACT,0x48B8,4,4,BAYER_F1_SLOPE1,18,19,HEX,,RW,
,,,,CAM CFA_F1_ACT,0x48B8,4,4,BAYER_F1_SLOPE2,20,21,HEX,,RW,
,,,,CAM CFA_F2_ACT,0x48BC,4,4,BAYER_F2_TH1,0,8,HEX,,RW,
,,,,CAM CFA_F2_ACT,0x48BC,4,4,BAYER_F2_TH2[8:0],9,17,HEX,,RW,
,,,,CAM CFA_F2_ACT,0x48BC,4,4,BAYER_F2_SLOPE1,18,19,HEX,,RW,
,,,,CAM CFA_F2_ACT,0x48BC,4,4,BAYER_F2_SLOPE2,20,21,HEX,,RW,
,,,,CAM CFA_F3_ACT,0x48C0,4,4,BAYER_F3_TH1,0,8,HEX,,RW,
,,,,CAM CFA_F3_ACT,0x48C0,4,4,BAYER_F3_TH2[8:0],9,17,HEX,,RW,
,,,,CAM CFA_F3_ACT,0x48C0,4,4,BAYER_F3_SLOPE1,18,19,HEX,,RW,
,,,,CAM CFA_F3_ACT,0x48C0,4,4,BAYER_F3_SLOPE2,20,21,HEX,,RW,
,,,,CAM CFA_F4_ACT,0x48C4,4,4,BAYER_F4_TH1,0,8,HEX,,RW,
,,,,CAM CFA_F4_ACT,0x48C4,4,4,BAYER_F4_TH2[8:0],9,17,HEX,,RW,
,,,,CAM CFA_F4_ACT,0x48C4,4,4,BAYER_F4_SLOPE1,18,19,HEX,,RW,
,,,,CAM CFA_F4_ACT,0x48C4,4,4,BAYER_F4_SLOPE2,20,21,HEX,,RW,
,,,,CAM CFA_F1_L,0x48C8,4,4,BAYER_F1_L_LUT_Y0,0,4,HEX,,RW,
,,,,CAM CFA_F1_L,0x48C8,4,4,BAYER_F1_L_LUT_Y1,5,9,HEX,,RW,
,,,,CAM CFA_F1_L,0x48C8,4,4,BAYER_F1_L_LUT_Y2,10,14,HEX,,RW,
,,,,CAM CFA_F1_L,0x48C8,4,4,BAYER_F1_L_LUT_Y3[4:0],15,19,HEX,,RW,
,,,,CAM CFA_F1_L,0x48C8,4,4,BAYER_F1_L_LUT_Y4,20,24,HEX,,RW,
,,,,CAM CFA_F2_L,0x48CC,4,4,BAYER_F2_L_LUT_Y0,0,4,HEX,,RW,
,,,,CAM CFA_F2_L,0x48CC,4,4,BAYER_F2_L_LUT_Y1,5,9,HEX,,RW,
,,,,CAM CFA_F2_L,0x48CC,4,4,BAYER_F2_L_LUT_Y2,10,14,HEX,,RW,
,,,,CAM CFA_F2_L,0x48CC,4,4,BAYER_F2_L_LUT_Y3[4:0],15,19,HEX,,RW,
,,,,CAM CFA_F2_L,0x48CC,4,4,BAYER_F2_L_LUT_Y4,20,24,HEX,,RW,
,,,,CAM CFA_F3_L,0x48D0,4,4,BAYER_F3_L_LUT_Y0,0,4,HEX,,RW,
,,,,CAM CFA_F3_L,0x48D0,4,4,BAYER_F3_L_LUT_Y1,5,9,HEX,,RW,
,,,,CAM CFA_F3_L,0x48D0,4,4,BAYER_F3_L_LUT_Y2,10,14,HEX,,RW,
,,,,CAM CFA_F3_L,0x48D0,4,4,BAYER_F3_L_LUT_Y3[4:0],15,19,HEX,,RW,
,,,,CAM CFA_F3_L,0x48D0,4,4,BAYER_F3_L_LUT_Y4,20,24,HEX,,RW,
,,,,CAM CFA_F4_L,0x48D4,4,4,BAYER_F4_L_LUT_Y0,0,4,HEX,,RW,
,,,,CAM CFA_F4_L,0x48D4,4,4,BAYER_F4_L_LUT_Y1,5,9,HEX,,RW,
,,,,CAM CFA_F4_L,0x48D4,4,4,BAYER_F4_L_LUT_Y2,10,14,HEX,,RW,
,,,,CAM CFA_F4_L,0x48D4,4,4,BAYER_F4_L_LUT_Y3[4:0],15,19,HEX,,RW,
,,,,CAM CFA_F4_L,0x48D4,4,4,BAYER_F4_L_LUT_Y4,20,24,HEX,,RW,
,,,,CAM CFA_HF_RB,0x48D8,4,4,BAYER_RB_DIFF_TH,0,9,HEX,,RW,
,,,,CAM CFA_HF_RB,0x48D8,4,4,BAYER_HF_CLIP[8:0],10,18,HEX,,RW,
,,,,CAM CFA_HF_GAIN,0x48DC,4,4,HF_GLOBAL_GAIN,0,3,HEX,,RW,
,,,,CAM CFA_HF_COMP,0x48E0,4,4,HF_LSC_GAIN0,0,3,HEX,,RW,
,,,,CAM CFA_HF_COMP,0x48E0,4,4,HF_LSC_GAIN1,4,7,HEX,,RW,
,,,,CAM CFA_HF_COMP,0x48E0,4,4,HF_LSC_GAIN2,8,11,HEX,,RW,
,,,,CAM CFA_HF_COMP,0x48E0,4,4,HF_LSC_GAIN3,12,15,HEX,,RW,
,,,,CAM CFA_HF_COMP,0x48E0,4,4,HF_UNDER_TH,16,23,HEX,,RW,
,,,,CAM CFA_HF_COMP,0x48E0,4,4,HF_UNDER_ACT_TH,24,31,HEX,,RW,
,,,,CAM CFA_HF_CORING_TH,0x48E4,4,4,HF_CORING_TH,0,7,HEX,,RW,
,,,,CAM CFA_ACT_LUT,0x48E8,4,4,BAYER_ACT_LUT_Y0,0,4,HEX,,RW,
,,,,CAM CFA_ACT_LUT,0x48E8,4,4,BAYER_ACT_LUT_Y1,5,9,HEX,,RW,
,,,,CAM CFA_ACT_LUT,0x48E8,4,4,BAYER_ACT_LUT_Y2,10,14,HEX,,RW,
,,,,CAM CFA_ACT_LUT,0x48E8,4,4,BAYER_ACT_LUT_Y3[4:0],15,19,HEX,,RW,
,,,,CAM CFA_ACT_LUT,0x48E8,4,4,BAYER_ACT_LUT_Y4,20,24,HEX,,RW,
,,,,CAM CFA_SPARE,0x48F0,4,4,CFA_SPARE[31:0],0,31,HEX,,RW,
,,,,CAM CFA_BB,0x48F4,4,4,BAYER_BB_TH1,0,8,HEX,,RW,
,,,,CAM CFA_BB,0x48F4,4,4,BAYER_BB_TH2[8:0],12,20,HEX,,RW,
,,,,CAM G2G_CONV_0A,0x4920,4,4,G2G_CNV_00,0,10,HEX,,RW,
,,,,CAM G2G_CONV_0A,0x4920,4,4,G2G_CNV_01,16,26,HEX,,RW,
,,,,CAM G2G_CONV_0B,0x4924,4,4,G2G_CNV_02,0,10,HEX,,RW,
,,,,CAM G2G_CONV_1A,0x4928,4,4,G2G_CNV_10,0,10,HEX,,RW,
,,,,CAM G2G_CONV_1A,0x4928,4,4,G2G_CNV_11,16,26,HEX,,RW,
,,,,CAM G2G_CONV_1B,0x492C,4,4,G2G_CNV_12,0,10,HEX,,RW,
`,,,,CAM G2G_CONV_2A,0x4930,4,4,G2G_CNV_20,0,10,HEX,,RW,
,,,,CAM G2G_CONV_2A,0x4930,4,4,G2G_CNV_21,16,26,HEX,,RW,
,,,,CAM G2G_CONV_2B,0x4934,4,4,G2G_CNV_22,0,10,HEX,,RW,
,,,,CAM DGM_B2,0x4E30,4,4,DGM_B1,0,7,HEX,,RW,
`,,,,CAM DGM_B2,0x4E30,4,4,DGM_B2,16,23,HEX,,RW,
,,,,CAM DGM_B4,0x4E34,4,4,DGM_B3,0,7,HEX,,RW,
,,,,CAM DGM_B4,0x4E34,4,4,DGM_B4,16,23,HEX,,RW,
,,,,CAM DGM_B6,0x4E38,4,4,DGM_B5,0,7,HEX,,RW,
`,,,,CAM DGM_B6,0x4E38,4,4,DGM_B6,16,23,HEX,,RW,
,,,,CAM DGM_B8,0x4E3C,4,4,DGM_B7,0,7,HEX,,RW,
,,,,CAM DGM_B8,0x4E3C,4,4,DGM_B8,16,23,HEX,,RW,
,,,,CAM DGM_B10,0x4E40,4,4,DGM_B9,0,7,HEX,,RW,
`,,,,CAM DGM_B80,0x4E40,4,4,DGM_B10,16,23,HEX,,RW,
,,,,CAM DGM_B11,0x4E44,4,4,DGM_B11,0,7,HEX,,RW,
,,,,CAM G2C_CONV_0A,0x4A00,4,4,G2C_CNV00,0,10,HEX,,RW,
,,,,CAM G2C_CONV_0A,0x4A00,4,4,G2C_CNV01,16,26,HEX,,RW,
,,,,CAM G2C_CONV_0B,0x4A04,4,4,G2C_CNV02,0,10,HEX,,RW,
,,,,CAM G2C_CONV_0B,0x4A04,4,4,G2C_YOFFSET11,16,26,HEX,,RW,
,,,,CAM G2C_CONV_1A,0x4A08,4,4,G2C_CNV10,0,10,HEX,,RW,
,,,,CAM G2C_CONV_1A,0x4A08,4,4,G2C_CNV11,16,26,HEX,,RW,
,,,,CAM G2C_CONV_1B,0x4A0C,4,4,G2C_CNV12,0,10,HEX,,RW,
,,,,CAM G2C_CONV_1B,0x4A0C,4,4,G2C_UOFFSET10,16,25,HEX,,RW,
,,,,CAM G2C_CONV_2A,0x4A10,4,4,G2C_CNV20,0,10,HEX,,RW,
,,,,CAM G2C_CONV_2A,0x4A10,4,4,G2C_CNV21,16,26,HEX,,RW,
,,,,CAM G2C_CONV_2B,0x4A14,4,4,G2C_CNV22,0,10,HEX,,RW,
,,,,CAM G2C_CONV_2B,0x4A14,4,4,G2C_VOFFSET10,16,25,HEX,,RW,
,,,,CAM C42_CON,0x4A1C,4,4,C42_FILT_DIS,0,0,HEX,,RW,
,,,,CAM ANR_CON1,0x4A20,4,4,ANR_ENC,0,0,HEX,,RW,
,,,,CAM ANR_CON1,0x4A20,4,4,ANR_ENY,1,1,HEX,,RW,
,,,,CAM ANR_CON1,0x4A20,4,4,ANR_SCALE_MODE,4,5,HEX,,RW,
,,,,CAM ANR_CON1,0x4A20,4,4,ANR_FLT_MODE ,8,10,HEX,,RW,
,,,,CAM ANR_CON1,0x4A20,4,4,ANR_MODE,12,12,HEX,,RW,
,,,,CAM ANR_CON1,0x4A20,4,4,ANR_Y_LUMA_SCALE,16,19,HEX,,RW,
,,,,CAM ANR_CON1,0x4A20,4,4,ANR_LCE_LINK,24,24,HEX,,RW,
,,,,CAM ANR_CON2,0x4A24,4,4,ANR_GNY,0,5,HEX,,RW,
,,,,CAM ANR_CON2,0x4A24,4,4,ANR_GNC,8,12,HEX,,RW,
,,,,CAM ANR_CON3,0x4A28,4,4,ANR_IMPL_MODE,0,1,HEX,,RW,
,,,,CAM ANR_CON3,0x4A28,4,4,ANR_C_MEDIAN_EN,4,5,HEX,,RW,
,,,,CAM ANR_CON3,0x4A28,4,4,ANR_C_SM_EDGE,8,8,HEX,,RW,
,,,,CAM ANR_CON3,0x4A28,4,4,ANR_QEC,12,12,HEX,,RW,
,,,,CAM ANR_CON3,0x4A28,4,4,ANR_QEC_VAL,16,23,HEX,,RW,
,,,,CAM ANR_YAD1,0x4A2C,4,4,ANR_CEN_GAIN_LO_TH,0,4,HEX,,RW,
,,,,CAM ANR_YAD1,0x4A2C,4,4,ANR_CEN_GAIN_HI_TH,8,12,HEX,,RW,
,,,,CAM ANR_YAD1,0x4A2C,4,4,ANR_KSIZE_LO_TH,16,19,HEX,,RW,
,,,,CAM ANR_YAD1,0x4A2C,4,4,ANR_KSIZE_HI_TH,24,27,HEX,,RW,
,,,,CAM ANR_YAD2,0x4A30,4,4,ANR_PTY_VGAIN,0,3,HEX,,RW,
,,,,CAM ANR_YAD2,0x4A30,4,4,ANR_PTY_GAIN_TH,8,12,HEX,,RW,
,,,,CAM ANR_4LUT1,0x4A34,4,4,ANR_Y_CPX1,0,7,HEX,,RW,
,,,,CAM ANR_4LUT1,0x4A34,4,4,ANR_Y_CPX2,8,15,HEX,,RW,
,,,,CAM ANR_4LUT1,0x4A34,4,4,ANR_Y_CPX3,16,23,HEX,,RW,
,,,,CAM ANR_4LUT2,0x4A38,4,4,ANR_Y_SCALE_CPY0,0,4,HEX,,RW,
,,,,CAM ANR_4LUT2,0x4A38,4,4,ANR_Y_SCALE_CPY1,8,12,HEX,,RW,
,,,,CAM ANR_4LUT2,0x4A38,4,4,ANR_Y_SCALE_CPY2,16,20,HEX,,RW,
,,,,CAM ANR_4LUT2,0x4A38,4,4,ANR_Y_SCALE_CPY3,24,28,HEX,,RW,
,,,,CAM ANR_4LUT3,0x4A3C,4,4,ANR_Y_SCALE_SP0,0,4,HEX,,RW,
,,,,CAM ANR_4LUT3,0x4A3C,4,4,ANR_Y_SCALE_SP1,8,12,HEX,,RW,
,,,,CAM ANR_4LUT3,0x4A3C,4,4,ANR_Y_SCALE_SP2,16,20,HEX,,RW,
,,,,CAM ANR_4LUT3,0x4A3C,4,4,ANR_Y_SCALE_SP3,24,28,HEX,,RW,
,,,,CAM ANR_PTY,0x4A40,4,4,ANR_PTY1,0,7,HEX,,RW,
,,,,CAM ANR_PTY,0x4A40,4,4,ANR_PTY2,8,15,HEX,,RW,
,,,,CAM ANR_PTY,0x4A40,4,4,ANR_PTY3,16,23,HEX,,RW,
,,,,CAM ANR_PTY,0x4A40,4,4,ANR_PTY4,24,31,HEX,,RW,
,,,,CAM ANR_CAD,0x4A44,4,4,ANR_PTC_VGAIN,0,3,HEX,,RW,
,,,,CAM ANR_CAD,0x4A44,4,4,ANR_PTC_GAIN_TH,8,12,HEX,,RW,
,,,,CAM ANR_CAD,0x4A44,4,4,ANR_C_L_DIFF_TH,16,23,HEX,,RW,
,,,,CAM ANR_PTC,0x4A48,4,4,ANR_PTC1,0,7,HEX,,RW,
,,,,CAM ANR_PTC,0x4A48,4,4,ANR_PTC2,8,15,HEX,,RW,
,,,,CAM ANR_PTC,0x4A48,4,4,ANR_PTC3,16,23,HEX,,RW,
,,,,CAM ANR_PTC,0x4A48,4,4,ANR_PTC4,24,31,HEX,,RW,
,,,,CAM ANR_LCE1,0x4A4C,4,4,ANR_LCE_C_GAIN,0,3,HEX,,RW,
,,,,CAM ANR_LCE1,0x4A4C,4,4,ANR_LCE_SCALE_GAIN,4,6,HEX,,RW,
,,,,CAM ANR_LCE2,0x4A50,4,4,ANR_LCE_GAIN0,0,5,HEX,,RW,
,,,,CAM ANR_LCE2,0x4A50,4,4,ANR_LCE_GAIN1,8,13,HEX,,RW,
,,,,CAM ANR_LCE2,0x4A50,4,4,ANR_LCE_GAIN2,16,21,HEX,,RW,
,,,,CAM ANR_LCE2,0x4A50,4,4,ANR_LCE_GAIN3,24,29,HEX,,RW,
,,,,CAM ANR_HP1,0x4A54,4,4,ANR_HP_A,0,7,HEX,,RW,
,,,,CAM ANR_HP1,0x4A54,4,4,ANR_HP_B,8,13,HEX,,RW,
,,,,CAM ANR_HP1,0x4A54,4,4,ANR_HP_C,16,20,HEX,,RW,
,,,,CAM ANR_HP1,0x4A54,4,4,ANR_HP_D,24,27,HEX,,RW,
,,,,CAM ANR_HP1,0x4A54,4,4,ANR_HP_E,28,31,HEX,,RW,
,,,,CAM ANR_HP2,0x4A58,4,4,ANR_HP_S1,0,3,HEX,,RW,
,,,,CAM ANR_HP2,0x4A58,4,4,ANR_HP_S2,4,7,HEX,,RW,
,,,,CAM ANR_HP2,0x4A58,4,4,ANR_HP_X1,8,14,HEX,,RW,
,,,,CAM ANR_HP2,0x4A58,4,4,ANR_HP_F,16,18,HEX,,RW,
,,,,CAM ANR_HP3,0x4A5C,4,4,ANR_HP_Y_GAIN_CLIP,0,6,HEX,,RW,
,,,,CAM ANR_HP3,0x4A5C,4,4,ANR_HP_Y_SP,8,12,HEX,,RW,
,,,,CAM ANR_HP3,0x4A5C,4,4,ANR_HP_Y_LO,16,23,HEX,,RW,
,,,,CAM ANR_HP3,0x4A5C,4,4,ANR_HP_CLIP,24,31,HEX,,RW,
,,,,CAM ANR_ACTY,0x4A60,4,4,ANR_ACT_TH_Y,0,7,HEX,,RW,
,,,,CAM ANR_ACTY,0x4A60,4,4,ANR_ACT_BLD_BASE_Y,8,14,HEX,,RW,
,,,,CAM ANR_ACTY,0x4A60,4,4,ANR_ACT_SLANT_Y,16,20,HEX,,RW,
,,,,CAM ANR_ACTY,0x4A60,4,4,ANR_ACT_BLD_TH_Y,24,30,HEX,,RW,
,,,,CAM ANR_ACTC,0x4A64,4,4,ANR_ACT_TH_C,0,7,HEX,,RW,
,,,,CAM ANR_ACTC,0x4A64,4,4,ANR_ACT_BLD_BASE_C,8,14,HEX,,RW,
,,,,CAM ANR_ACTC,0x4A64,4,4,ANR_ACT_SLANT_C,16,20,HEX,,RW,
,,,,CAM ANR_ACTC,0x4A64,4,4,ANR_ACT_BLD_TH_C,24,30,HEX,,RW,
,,,,CAM CCR_CON,0x4A90,4,4,CCR_EN,0,0,HEX,,RW,
,,,,CAM CCR_CON,0x4A90,4,4,CCR_UV_GAIN_MODE,8,8,HEX,,RW,
,,,,CAM CCR_CON,0x4A90,4,4,CCR_Y_CPX3,24,31,HEX,,RW,
,,,,CAM CCR_YLUT,0x4A94,4,4,CCR_Y_CPX1,0,7,HEX,,RW,
,,,,CAM CCR_YLUT,0x4A94,4,4,CCR_Y_CPX2,8,15,HEX,,RW,
,,,,CAM CCR_YLUT,0x4A94,4,4,CCR_Y_SP1,16,22,HEX,,RW,
,,,,CAM CCR_YLUT,0x4A94,4,4,CCR_Y_CPY1,24,30,HEX,,RW,
,,,,CAM CCR_UVLUT,0x4A98,4,4,CCR_UV_X1,0,7,HEX,,RW,
,,,,CAM CCR_UVLUT,0x4A98,4,4,CCR_UV_X2,8,15,HEX,,RW,
,,,,CAM CCR_UVLUT,0x4A98,4,4,CCR_UV_GAIN_SP1,16,22,HEX,,RW,
,,,,CAM CCR_UVLUT,0x4A98,4,4,CCR_UV_GAIN1,24,30,HEX,,RW,
,,,,CAM CCR_YLUT2,0x4A9C,4,4,CCR_Y_SP0,0,6,HEX,,RW,
,,,,CAM CCR_YLUT2,0x4A9C,4,4,CCR_Y_SP2,8,14,HEX,,RW,
,,,,CAM CCR_YLUT2,0x4A9C,4,4,CCR_Y_CPY0,16,22,HEX,,RW,
,,,,CAM CCR_YLUT2,0x4A9C,4,4,CCR_Y_CPY2,24,30,HEX,,RW,
,,,,CAM SEEE_SRK_CTRL,0x4AA0,4,4,RESERVED,28,31,HEX,,RW,
,,,,CAM SEEE_CLIP_CTRL,0x4AA4,4,4,USM_OVER_CLIP_EN,0,0,HEX,,RW,
,,,,CAM SEEE_CLIP_CTRL,0x4AA4,4,4,USM_OVER_CLIP_STR,1,3,HEX,,RW,
,,,,CAM SEEE_CLIP_CTRL,0x4AA4,4,4,USM_REDUCE_SINGLEDOT,4,4,HEX,,RW,
,,,,CAM SEEE_CLIP_CTRL,0x4AA4,4,4,USM_SINGLEDOT_WF,5,7,HEX,,RW,
,,,,CAM SEEE_CLIP_CTRL,0x4AA4,4,4,USM_SINGLEDOT_TH,8,15,HEX,,RW,
,,,,CAM SEEE_CLIP_CTRL,0x4AA4,4,4,USM_CLIP,16,23,HEX,,RW,
,,,,CAM SEEE_HP_CTRL1,0x4AA8,4,4,USM_HP_TH,0,7,HEX,,RW,
,,,,CAM SEEE_HP_CTRL1,0x4AA8,4,4,USM_HP_AMP,8,10,HEX,,RW,
,,,,CAM SEEE_HP_CTRL2,0x4AAC,4,4,USM_HP_55_A,0,7,HEX,,RW,
,,,,CAM SEEE_HP_CTRL2,0x4AAC,4,4,USM_HP_55_B,8,13,HEX,,RW,
,,,,CAM SEEE_HP_CTRL2,0x4AAC,4,4,USM_HP_55_C,14,18,HEX,,RW,
,,,,CAM SEEE_HP_CTRL2,0x4AAC,4,4,USM_HP_55_D,19,22,HEX,,RW,
,,,,CAM SEEE_HP_CTRL2,0x4AAC,4,4,USM_HP_55_E,23,26,HEX,,RW,
,,,,CAM SEEE_HP_CTRL2,0x4AAC,4,4,USM_HP_55_F,27,29,HEX,,RW,
,,,,CAM SEEE_ED_CTRL1,0x4AB0,4,4,USM_ED_X1,0,7,HEX,,RW,
,,,,CAM SEEE_ED_CTRL1,0x4AB0,4,4,USM_ED_S1,8,15,HEX,,RW,
,,,,CAM SEEE_ED_CTRL1,0x4AB0,4,4,USM_ED_Y1,16,25,HEX,,RW,
,,,,CAM SEEE_ED_CTRL2,0x4AB4,4,4,USM_ED_X2,0,7,HEX,,RW,
,,,,CAM SEEE_ED_CTRL2,0x4AB4,4,4,USM_ED_S2,8,15,HEX,,RW,
,,,,CAM SEEE_ED_CTRL2,0x4AB4,4,4,USM_ED_Y2,16,25,HEX,,RW,
,,,,CAM SEEE_ED_CTRL3,0x4AB8,4,4,USM_ED_X3,0,7,HEX,,RW,
,,,,CAM SEEE_ED_CTRL3,0x4AB8,4,4,USM_ED_S3,8,15,HEX,,RW,
,,,,CAM SEEE_ED_CTRL3,0x4AB8,4,4,USM_ED_Y3,16,25,HEX,,RW,
,,,,CAM SEEE_ED_CTRL4,0x4ABC,4,4,USM_ED_X4,0,7,HEX,,RW,
,,,,CAM SEEE_ED_CTRL4,0x4ABC,4,4,USM_ED_S4,8,15,HEX,,RW,
,,,,CAM SEEE_ED_CTRL4,0x4ABC,4,4,USM_ED_Y4,16,25,HEX,,RW,
,,,,CAM SEEE_ED_CTRL5,0x4AC0,4,4,USM_ED_S5,8,15,HEX,,RW,
,,,,CAM SEEE_ED_CTRL6,0x4AC4,4,4,USM_ED_TH_OVER,0,7,HEX,,RW,
,,,,CAM SEEE_ED_CTRL6,0x4AC4,4,4,USM_ED_TH_UNDER,8,15,HEX,,RW,
,,,,CAM SEEE_ED_CTRL6,0x4AC4,4,4,USM_ED_TH_MIN,16,23,HEX,,RW,
,,,,CAM SEEE_ED_CTRL7,0x4AC8,4,4,USM_ED_DIAG_AMP,0,2,HEX,,RW,
,,,,CAM SEEE_ED_CTRL7,0x4AC8,4,4,USM_ED_AMP,3,8,HEX,,RW,
,,,,CAM SEEE_ED_CTRL7,0x4AC8,4,4,USM_ED_LV,9,11,HEX,,RW,
,,,,CAM SEEE_ED_CTRL7,0x4AC8,4,4,USM_ED_FIL_HP_MODE,12,13,HEX,,RW,
,,,,CAM SEEE_ED_CTRL7,0x4AC8,4,4,USM_ED_2DFILTER_EN,14,14,HEX,,RW,
,,,,CAM SEEE_EDGE_CTRL,0x4ACC,4,4,SE_EDGE,0,1,HEX,,RW,
,,,,CAM SEEE_Y_CTRL,0x4AD0,4,4,SE_Y,0,0,HEX,,RW,
,,,,CAM SEEE_Y_CTRL,0x4AD0,4,4,SE_Y_CONST,1,8,HEX,,RW,
,,,,CAM SEEE_Y_CTRL,0x4AD0,4,4,SE_YOUT_QBIT,16,18,HEX,,RW,
,,,,CAM SEEE_Y_CTRL,0x4AD0,4,4,SE_COUT_QBIT,20,22,HEX,,RW,
,,,,CAM SEEE_EDGE_CTRL1,0x4AD4,4,4,SE_HEDGE_SEL,0,0,HEX,,RW,
,,,,CAM SEEE_EDGE_CTRL1,0x4AD4,4,4,SE_EGAIN_HA,1,4,HEX,,RW,
,,,,CAM SEEE_EDGE_CTRL1,0x4AD4,4,4,SE_EGAIN_HB,5,9,HEX,,RW,
,,,,CAM SEEE_EDGE_CTRL1,0x4AD4,4,4,SE_EGAIN_HC,10,14,HEX,,RW,
,,,,CAM SEEE_EDGE_CTRL1,0x4AD4,4,4,SE_VEDGE_SEL,16,16,HEX,,RW,
,,,,CAM SEEE_EDGE_CTRL1,0x4AD4,4,4,SE_EGAIN_VA,17,20,HEX,,RW,
,,,,CAM SEEE_EDGE_CTRL1,0x4AD4,4,4,SE_EGAIN_VB,21,25,HEX,,RW,
,,,,CAM SEEE_EDGE_CTRL1,0x4AD4,4,4,SE_EGAIN_VC,26,30,HEX,,RW,
,,,,CAM SEEE_EDGE_CTRL2,0x4AD8,4,4,SE_THRE_RT,0,4,HEX,,RW,
,,,,CAM SEEE_EDGE_CTRL2,0x4AD8,4,4,SE_EMBOSS1,5,5,HEX,,RW,
,,,,CAM SEEE_EDGE_CTRL2,0x4AD8,4,4,SE_EMBOSS2,6,6,HEX,,RW,
,,,,CAM SEEE_EDGE_CTRL3,0x4ADC,4,4,SE_ONLYC,0,0,HEX,,RW,
,,,,CAM SEEE_EDGE_CTRL3,0x4ADC,4,4,SE_CORE_CON,1,7,HEX,,RW,
,,,,CAM SEEE_EDGE_CTRL3,0x4ADC,4,4,SE_ETH_CON,8,15,HEX,,RW,
,,,,CAM SEEE_EDGE_CTRL3,0x4ADC,4,4,SE_TOP_SLOPE,16,16,HEX,,RW,
,,,,CAM SEEE_EDGE_CTRL3,0x4ADC,4,4,SE_OILEN,17,17,HEX,,RW,
,,,,CAM SEEE_SPECIAL_CTRL,0x4AE0,4,4,SE_SPECIPONLY,0,1,HEX,,RW,
,,,,CAM SEEE_SPECIAL_CTRL,0x4AE0,4,4,SE_SPECIABS,2,2,HEX,,RW,
,,,,CAM SEEE_SPECIAL_CTRL,0x4AE0,4,4,SE_SPECIINV,3,3,HEX,,RW,
,,,,CAM SEEE_SPECIAL_CTRL,0x4AE0,4,4,SE_SPECIGAIN,4,5,HEX,,RW,
,,,,CAM SEEE_SPECIAL_CTRL,0x4AE0,4,4,SE_KNEESEL,6,7,HEX,,RW,
,,,,CAM SEEE_CORE_CTRL1,0x4AE4,4,4,SE_COREH,0,6,HEX,,RW,
,,,,CAM SEEE_CORE_CTRL1,0x4AE4,4,4,SE_SUP,7,8,HEX,,RW,
,,,,CAM SEEE_CORE_CTRL1,0x4AE4,4,4,SE_ETH3,9,16,HEX,,RW,
,,,,CAM SEEE_CORE_CTRL1,0x4AE4,4,4,SE_SDN,17,18,HEX,,RW,
,,,,CAM SEEE_CORE_CTRL1,0x4AE4,4,4,SE_COREH2,19,24,HEX,,RW,
,,,,CAM SEEE_CORE_CTRL2,0x4AE8,4,4,SE_E_TH1_V,0,6,HEX,,RW,
,,,,CAM SEEE_CORE_CTRL2,0x4AE8,4,4,SE_SUP_V,7,8,HEX,,RW,
,,,,CAM SEEE_CORE_CTRL2,0x4AE8,4,4,SE_E_TH3_V,9,16,HEX,,RW,
,,,,CAM SEEE_CORE_CTRL2,0x4AE8,4,4,SE_SDN_V,17,18,HEX,,RW,
,,,,CAM SEEE_CORE_CTRL2,0x4AE8,4,4,SE_HALF_V,19,24,HEX,,RW,
,,,,CAM SEEE_EE_LINK1,0x4AEC,4,4,EE_LCE_X1_1,0,7,HEX,,RW,
,,,,CAM SEEE_EE_LINK1,0x4AEC,4,4,EE_LCE_S1_1,8,15,HEX,,RW,
,,,,CAM SEEE_EE_LINK1,0x4AEC,4,4,EE_LCE_S2_1,16,23,HEX,,RW,
,,,,CAM SEEE_EE_LINK1,0x4AEC,4,4,EE_LCE_LINK,24,24,HEX,,RW,
,,,,CAM SEEE_EE_LINK2,0x4AF0,4,4,EE_LCE_X1_2,0,7,HEX,,RW,
,,,,CAM SEEE_EE_LINK2,0x4AF0,4,4,EE_LCE_S1_2,8,15,HEX,,RW,
,,,,CAM SEEE_EE_LINK2,0x4AF0,4,4,EE_LCE_S2_2,16,23,HEX,,RW,
,,,,CAM SEEE_EE_LINK3,0x4AF4,4,4,EE_LCE_X1_3,0,7,HEX,,RW,
,,,,CAM SEEE_EE_LINK3,0x4AF4,4,4,EE_LCE_S1_3,8,15,HEX,,RW,
,,,,CAM SEEE_EE_LINK3,0x4AF4,4,4,EE_LCE_S2_3,16,23,HEX,,RW,
,,,,CAM SEEE_EE_LINK4,0x4AF8,4,4,EE_LCE_THO_1,0,7,HEX,,RW,
,,,,CAM SEEE_EE_LINK4,0x4AF8,4,4,EE_LCE_THU_1,8,15,HEX,,RW,
,,,,CAM SEEE_EE_LINK4,0x4AF8,4,4,EE_LCE_THO_2,16,23,HEX,,RW,
,,,,CAM SEEE_EE_LINK4,0x4AF8,4,4,EE_LCE_THU_2,24,31,HEX,,RW,
,,,,CAM SEEE_EE_LINK5,0x4AFC,4,4,EE_LCE_THO_3,0,7,HEX,,RW,
,,,,CAM SEEE_EE_LINK5,0x4AFC,4,4,EE_LCE_THU_3,8,15,HEX,,RW,
CMOS,128,MT9P012_MICRON,Chip Version ,VER_M,0x0000,1,1,VAR,0,7,HEX,,,
,,,,VER_L,0x0001,1,1,VAR,0,7,HEX,,,
,,,Row Start ,RS_M,0x0344,1,1,VAR,0,7,HEX,,,
,,,,RS_L,0x0345,1,1,VAR,0,7,HEX,,,
,,,Column Start ,CS_M,0x0346,1,1,VAR,0,7,HEX,,,
,,,,CS_L,0x0347,1,1,VAR,0,7,HEX,,,
,,,Row End ,RE_M,0x0348,1,1,VAR,0,7,HEX,,,
,,,,RE_L,0x0349,1,1,VAR,0,7,HEX,,,
,,,Column End ,CE_M,0x034A,1,1,VAR,0,7,HEX,,,
,,,,CE_L,0x034B,1,1,VAR,0,7,HEX,,,
,,,Row Width ,WindowH_M,0x034C,1,1,VAR,0,7,HEX,,,
,,,,WindowH_L,0x034D,1,1,VAR,0,7,HEX,,,
,,,Column Width ,WindowW_M,0x034E,1,1,VAR,0,7,HEX,,,
,,,,WindowW_L,0x034F,1,1,VAR,0,7,HEX,,,
,,,Horizontal Blancking A ,HBLANKA_M,0x0340,1,1,VAR,0,7,HEX,,,
,,,,HBLANKA_L,0x0341,1,1,VAR,0,7,HEX,,,
,,,Vertical Blanking A ,VBLANKA_M,0x0342,1,1,VAR,0,7,HEX,,,
,,,,VBLANKA_L,0x0343,1,1,VAR,0,7,HEX,,,
,,,Shutter Width ,Shutter Width_M,0x3012,1,1,VAR,0,7,HEX,,,
,,,,Shutter Width_L,0x3013,1,1,VAR,0,7,HEX,,,
,,,Row Speed ,Row Speed_M,0x3016,1,1,VAR,0,7,HEX,,,
,,,,Row Speed_L,0x3017,1,1,VAR,0,7,HEX,,,
,,,Extra Delay ,Extra Delay_M,0x3018,1,1,VAR,0,7,HEX,,,
,,,,Extra Delay_L,0x3019,1,1,VAR,0,7,HEX,,,
,,,Shutter Delay ,Shutter Delay_M,0,1,1,VAR,0,7,HEX,,,
,,,,Shutter Delay_L,0,1,1,VAR,0,7,HEX,,,
,,,Reset ,Reset_M,0x0103,1,1,VAR,0,7,HEX,,,
,,,,Reset_L,0,1,1,VAR,0,7,HEX,,,
,,,Read Mode?wContext A ,Read Mode?wContext A_M,0x3040,1,1,VAR,0,7,HEX,,,
,,,,Read Mode?wContext A_L,0x3041,1,1,VAR,0,7,HEX,,,
,,,Show Control ,Show Control_M,0,1,1,VAR,0,7,HEX,,,
,,,,Show Control_L,0,1,1,VAR,0,7,HEX,,,
,,,Flash Control ,Flash Control_M,0,1,1,VAR,0,7,HEX,,,
,,,,Flash Control_L,0,1,1,VAR,0,7,HEX,,,
,,,GreenB Gain ,GreenB Gain_M,0x020C,1,1,VAR,0,7,HEX,,,
,,,,GreenB Gain_L,0x020D,1,1,VAR,0,7,HEX,,,
,,,Blue Gain ,Blue Gain_M,0x020A,1,1,VAR,0,7,HEX,,,
,,,,Blue Gain_L,0x020B,1,1,VAR,0,7,HEX,,,
,,,Red Gain,Red Gain_M,0x0208,1,1,VAR,0,7,HEX,,,
,,,,Red Gain_L,0x0209,1,1,VAR,0,7,HEX,,,
,,,GreenR Gain,GreenR Gain_M,0x0206,1,1,VAR,0,7,HEX,,,
,,,,GreenR Gain_L,0x0207,1,1,VAR,0,7,HEX,,,
,,,Global Gain,Global Gain_M,0x0204,1,1,VAR,0,7,HEX,,,
,,,,Global Gain_L,0x0205,1,1,VAR,0,7,HEX,,,
