MinGain,1136 
MaxGain,10240 
MiniISOGain,86 
GainStepUnitInTotalRange,256 
PreviewExposureLineUnit,13172 
PreviewMaxFrameRate,30 
VideoExposureLineUnit,13172 
VideoMaxFrameRate,30 
VideoToPreviewSensitivityRatio,1024 
CaptureExposureLineUnit,13172 
CaptureMaxFrameRate,30 
CaptureToPreviewSensitivityRatio,1024 
Video1ExposureLineUnit,13172 
Video1MaxFrameRate,30 
Video1ToPreviewSensitivityRatio,1024 
Video2ExposureLineUnit,13172 
Video2MaxFrameRate,30 
Video2ToPreviewSensitivityRatio,1024 
Custom1ExposureLineUnit,13172 
Custom1MaxFrameRate,30 
Custom1ToPreviewSensitivityRatio,1024 
Custom2ExposureLineUnit,13172 
Custom2MaxFrameRate,30 
Custom2ToPreviewSensitivityRatio,1024 
Custom3ExposureLineUnit,13172 
Custom3MaxFrameRate,30 
Custom3ToPreviewSensitivityRatio,1024 
Custom4ExposureLineUnit,13172 
Custom4MaxFrameRate,30 
Custom4ToPreviewSensitivityRatio,1024 
Custom5ExposureLineUnit,13172 
Custom5MaxFrameRate,30 
Custom5ToPreviewSensitivityRatio,1024 
FocusLength,350 
Fno,24 

// Preview table -- Use preview sensor setting
//Index MiniExp1/T MaxExp1/T MinGain MaxGain
AETABLE_RPEVIEW_AUTO
90, -10
1,10000,120,1144,1144
2,120,120,1136,2048
3,120,60,2048,2048
4,60,60,2048,4096
5,60,30,4096,4096
6,30,30,4096,8192
7,30,10,8192,8192
8,10,10,8192,30720
9,10,5,30720,30720
AETABLE_END

// Capture table -- Use capture sensor setting
//Index MiniExp1/T MaxExp1/T MinGain MaxGain
AETABLE_CAPTURE_AUTO
90, 0
1,10000,15,1144,1144
2,15,15,1144,4096
3,15,10,4096,4096
4,10,10,4096,30720
AETABLE_END

// Video table -- Use video sensor setting
//Index MiniExp1/T MaxExp1/T MinGain MaxGain
AETABLE_VIDEO_AUTO
90, 0
1,10000,60,1144,1144
2,60,60,1144,3072
3,60,30,3072,3072
4,30,30,3072,10240
5,30,15,10240,10240
6,15,15,10240,32768
AETABLE_END

// Video1 table -- Use video1 for slow motion
//Index MiniExp1/T MaxExp1/T MinGain MaxGain
AETABLE_VIDEO1_AUTO
90, 0
1,10000,120,1195,1195
2,120,120,1195,10240
AETABLE_END

// Video2 table -- Use video2 sensor setting
//Index MiniExp1/T MaxExp1/T MinGain MaxGain
AETABLE_VIDEO2_AUTO
90, 0
1,10000,60,1195,1195
2,60,60,1195,3072
3,60,30,3072,3072
4,30,30,3072,10240
AETABLE_END

// Custom1 table -- Use custom 1 sensor setting
//Index MiniExp1/T MaxExp1/T MinGain MaxGain
AETABLE_CUSTOM1_AUTO
90, 0
1,10000,60,1144,1144
2,60,60,1144,3072
3,60,30,3072,3072
4,30,30,3072,10240
AETABLE_END

// Custom2 table -- Use custom 2 sensor setting
//Index MiniExp1/T MaxExp1/T MinGain MaxGain
AETABLE_CUSTOM2_AUTO
90, 0
1,10000,60,1144,1144
2,60,60,1144,3072
3,60,30,3072,3072
4,30,30,3072,10240
AETABLE_END

// Custom3 table -- Use custom 3 sensor setting
//Index MiniExp1/T MaxExp1/T MinGain MaxGain
AETABLE_CUSTOM3_AUTO
90, 0
1,10000,60,1144,1144
2,60,60,1144,3072
3,60,30,3072,3072
4,30,30,3072,10240
AETABLE_END

// Custom4 table -- Use custom 4 sensor setting
//Index MiniExp1/T MaxExp1/T MinGain MaxGain
AETABLE_CUSTOM4_AUTO
90, 0
1,10000,60,1144,1144
2,60,60,1144,3072
3,60,30,3072,3072
4,30,30,3072,10240
AETABLE_END

// Custom1 table -- Use custom 5 sensor setting
//Index MiniExp1/T MaxExp1/T MinGain MaxGain
AETABLE_CUSTOM5_AUTO
90, 0
1,10000,60,1144,1144
2,60,60,1144,3072
3,60,30,3072,3072
4,30,30,3072,10240
AETABLE_END

// Video Night table -- Use video sensor setting
//Index MiniExp1/T MaxExp1/T MinGain MaxGain
AETABLE_VIDEO_NIGHT
90, -10
1,10000,30,1144,1144
2,30,30,1144,10240
3,30,10,10240,10240
4,10,10,10240,35200
AETABLE_END

// Capture ISO100 -- Use capture sensor setting
//Index MiniExp1/T MaxExp1/T MinGain MaxGain
AETABLE_CAPTURE_ISO100
90, 0
1,10000,5,1230,1230
AETABLE_END

// Capture ISO200 -- Use capture sensor setting
//Index MiniExp1/T MaxExp1/T MinGain MaxGain
AETABLE_CAPTURE_ISO200
90, 0
1,10000,2000,1144,1144
2,2000,2000,1144,2460
3,2000,5,2460,2460
AETABLE_END

// Capture ISO400 -- Use capture sensor setting
//Index MiniExp1/T MaxExp1/T MinGain MaxGain
AETABLE_CAPTURE_ISO400
90, 0
1,10000,2000,1144,1144
2,2000,2000,1144,4920
3,2000,5,4920,4920
AETABLE_END

// Capture ISO800 -- Use capture sensor setting
//Index MiniExp1/T MaxExp1/T MinGain MaxGain
AETABLE_CAPTURE_ISO800
90, 0
1,10000,2000,1144,1144
2,2000,2000,1144,9840
2,2000,5,9840,9840
AETABLE_END

// Capture ISO1600 -- Use capture sensor setting
//Index MiniExp1/T MaxExp1/T MinGain MaxGain
AETABLE_CAPTURE_ISO1600
90, 0
1,10000,2000,1144,1144
2,2000,2000,1144,19680
3,2000,5,19680,19680
AETABLE_END

// Strobe table -- Use capture sensor setting
//Index MiniExp1/T MaxExp1/T MinGain MaxGain
AETABLE_STROBE
90, 0
1,10000,15,1144,1144
2,15,15,1144,4096
3,15,10,4096,4096
4,10,10,4096,30720
AETABLE_END

// Table1 PLine -- Use capture sensor setting
//Index MiniExp1/T MaxExp1/T MinGain MaxGain
AETABLE_SCENE_INDEX1
90, -10
1,10000,15,1144,1144
2,15,15,1144,4096
3,15,5,4096,4096
4,5,5,4096,30720
AETABLE_END

// Table2 PLine -- Use capture sensor setting
//Index MiniExp1/T MaxExp1/T MinGain MaxGain
AETABLE_SCENE_INDEX2
90, 0
1,10000,100,1144,1144
2,100,100,1144,4096
3,100,30,4096,4096
2,30,30,4096,16384
AETABLE_END

// Table3 PLine -- Use capture sensor setting
//Index MiniExp1/T MaxExp1/T MinGain MaxGain
AETABLE_SCENE_INDEX3
90, 0
1,10000,30,1144,1144
2,30,30,1144,2048
3,30,15,2048,2048
4,15,15,2048,4096
5,15,10,4096,4096
6,10,10,4096,8192
AETABLE_END

// Table4 PLine -- Use capture sensor setting
//Index MiniExp1/T MaxExp1/T MinGain MaxGain
AETABLE_SCENE_INDEX4
90, 0
1,4,4,1706,1706
AETABLE_END

// Table5 PLine -- Use capture sensor setting
//Index MiniExp1/T MaxExp1/T MinGain MaxGain
AETABLE_SCENE_INDEX5
90,0
1,10000,30,1195,1195
2,30,30,1195,8192
3,30,15,8192,8192
4,15,15,8192,16384
5,15,10,16384,16384
6,10,10,16384,30720
AETABLE_END

// Table6 PLine -- Use capture sensor setting
//Index MiniExp1/T MaxExp1/T MinGain MaxGain
AETABLE_SCENE_INDEX6
90,0
1,10000,30,1195,1195
2,30,30,1195,8192
3,30,15,8192,8192
4,15,15,8192,16384
5,15,10,16384,16384
6,10,10,16384,30720
AETABLE_END

// Table7 PLine -- Use capture sensor setting
//Index MiniExp1/T MaxExp1/T MinGain MaxGain
AETABLE_SCENE_INDEX7
90,0
1,10000,30,1195,1195
2,30,30,1195,8192
3,30,15,8192,8192
4,15,15,8192,16384
5,15,10,16384,16384
6,10,10,16384,30720
AETABLE_END

// Table8 PLine -- Use capture sensor setting
//Index MiniExp1/T MaxExp1/T MinGain MaxGain
AETABLE_SCENE_INDEX8
90,0
1,10000,30,1195,1195
2,30,30,1195,8192
3,30,15,8192,8192
4,15,15,8192,16384
5,15,10,16384,16384
6,10,10,16384,30720
AETABLE_END


// Table9 PLine -- Use capture sensor setting
//Index MiniExp1/T MaxExp1/T MinGain MaxGain
AETABLE_SCENE_INDEX9
90,0
1,10000,30,1195,1195
2,30,30,1195,8192
3,30,15,8192,8192
4,15,15,8192,16384
5,15,10,16384,16384
6,10,10,16384,30720
AETABLE_END


// Table10 PLine -- Use capture sensor setting
//Index MiniExp1/T MaxExp1/T MinGain MaxGain
AETABLE_SCENE_INDEX10
90,0
1,10000,30,1195,1195
2,30,30,1195,8192
3,30,15,8192,8192
4,15,15,8192,16384
5,15,10,16384,16384
6,10,10,16384,30720
AETABLE_END


// Table11 PLine -- Use capture sensor setting
//Index MiniExp1/T MaxExp1/T MinGain MaxGain
AETABLE_SCENE_INDEX11
90,0
1,10000,30,1195,1195
2,30,30,1195,8192
3,30,15,8192,8192
4,15,15,8192,16384
5,15,10,16384,16384
6,10,10,16384,30720
AETABLE_END


// Table12 PLine -- Use capture sensor setting
//Index MiniExp1/T MaxExp1/T MinGain MaxGain
AETABLE_SCENE_INDEX12
90,0
1,10000,30,1195,1195
2,30,30,1195,8192
3,30,15,8192,8192
4,15,15,8192,16384
5,15,10,16384,16384
6,10,10,16384,30720
AETABLE_END


// Table13 PLine -- Use capture sensor setting
//Index MiniExp1/T MaxExp1/T MinGain MaxGain
AETABLE_SCENE_INDEX13
90,0
1,10000,30,1195,1195
2,30,30,1195,8192
3,30,15,8192,8192
4,15,15,8192,16384
5,15,10,16384,16384
6,10,10,16384,30720
AETABLE_END


// Table14 PLine -- Use capture sensor setting
//Index MiniExp1/T MaxExp1/T MinGain MaxGain
AETABLE_SCENE_INDEX14
90,0
1,10000,30,1195,1195
2,30,30,1195,8192
3,30,15,8192,8192
4,15,15,8192,16384
5,15,10,16384,16384
6,10,10,16384,30720
AETABLE_END


// Table15 PLine -- Use capture sensor setting
//Index MiniExp1/T MaxExp1/T MinGain MaxGain
AETABLE_SCENE_INDEX15
90,0
1,10000,30,1195,1195
2,30,30,1195,8192
3,30,15,8192,8192
4,15,15,8192,16384
5,15,10,16384,16384
6,10,10,16384,30720
AETABLE_END


// Table16 PLine -- Use capture sensor setting
//Index MiniExp1/T MaxExp1/T MinGain MaxGain
AETABLE_SCENE_INDEX16
90,0
1,10000,30,1195,1195
2,30,30,1195,8192
3,30,15,8192,8192
4,15,15,8192,16384
5,15,10,16384,16384
6,10,10,16384,30720
AETABLE_END


// Table17 PLine -- Use capture sensor setting
//Index MiniExp1/T MaxExp1/T MinGain MaxGain
AETABLE_SCENE_INDEX17
90,0
1,10000,30,1195,1195
2,30,30,1195,8192
3,30,15,8192,8192
4,15,15,8192,16384
5,15,10,16384,16384
6,10,10,16384,30720
AETABLE_END


// Table18 PLine -- Use capture sensor setting
//Index MiniExp1/T MaxExp1/T MinGain MaxGain
AETABLE_SCENE_INDEX18
90,0
1,10000,30,1195,1195
2,30,30,1195,8192
3,30,15,8192,8192
4,15,15,8192,16384
5,15,10,16384,16384
6,10,10,16384,30720
AETABLE_END


// Table19 PLine -- Use capture sensor setting
//Index MiniExp1/T MaxExp1/T MinGain MaxGain
AETABLE_SCENE_INDEX19
90,0
1,10000,30,1195,1195
2,30,30,1195,8192
3,30,15,8192,8192
4,15,15,8192,16384
5,15,10,16384,16384
6,10,10,16384,30720
AETABLE_END


// Table20 PLine -- Use capture sensor setting
//Index MiniExp1/T MaxExp1/T MinGain MaxGain
AETABLE_SCENE_INDEX20
90,0
1,10000,30,1195,1195
2,30,30,1195,8192
3,30,15,8192,8192
4,15,15,8192,16384
5,15,10,16384,16384
6,10,10,16384,30720
AETABLE_END


// Table21 PLine -- Use capture sensor setting
//Index MiniExp1/T MaxExp1/T MinGain MaxGain
AETABLE_SCENE_INDEX21
90,0
1,10000,30,1195,1195
2,30,30,1195,8192
3,30,15,8192,8192
4,15,15,8192,16384
5,15,10,16384,16384
6,10,10,16384,30720
AETABLE_END


// Table22 PLine -- Use capture sensor setting
//Index MiniExp1/T MaxExp1/T MinGain MaxGain
AETABLE_SCENE_INDEX22
90,0
1,10000,30,1195,1195
2,30,30,1195,8192
3,30,15,8192,8192
4,15,15,8192,16384
5,15,10,16384,16384
6,10,10,16384,30720
AETABLE_END


// Table23 PLine -- Use capture sensor setting
//Index MiniExp1/T MaxExp1/T MinGain MaxGain
AETABLE_SCENE_INDEX23
90,0
1,10000,30,1195,1195
2,30,30,1195,8192
3,30,15,8192,8192
4,15,15,8192,16384
5,15,10,16384,16384
6,10,10,16384,30720
AETABLE_END


// Table24 PLine -- Use capture sensor setting
//Index MiniExp1/T MaxExp1/T MinGain MaxGain
AETABLE_SCENE_INDEX24
90,0
1,10000,30,1195,1195
2,30,30,1195,8192
3,30,15,8192,8192
4,15,15,8192,16384
5,15,10,16384,16384
6,10,10,16384,30720
AETABLE_END


// Table25 PLine -- Use capture sensor setting
//Index MiniExp1/T MaxExp1/T MinGain MaxGain
AETABLE_SCENE_INDEX25
90,0
1,10000,30,1195,1195
2,30,30,1195,8192
3,30,15,8192,8192
4,15,15,8192,16384
5,15,10,16384,16384
6,10,10,16384,30720
AETABLE_END


// Table26 PLine -- Use capture sensor setting
//Index MiniExp1/T MaxExp1/T MinGain MaxGain
AETABLE_SCENE_INDEX26
90,0
1,10000,30,1195,1195
2,30,30,1195,8192
3,30,15,8192,8192
4,15,15,8192,16384
5,15,10,16384,16384
6,10,10,16384,30720
AETABLE_END


// Table27 PLine -- Use capture sensor setting
//Index MiniExp1/T MaxExp1/T MinGain MaxGain
AETABLE_SCENE_INDEX27
90,0
1,10000,30,1195,1195
2,30,30,1195,8192
3,30,15,8192,8192
4,15,15,8192,16384
5,15,10,16384,16384
6,10,10,16384,30720
AETABLE_END


// Table28 PLine -- Use capture sensor setting
//Index MiniExp1/T MaxExp1/T MinGain MaxGain
AETABLE_SCENE_INDEX28
90,0
1,10000,30,1195,1195
2,30,30,1195,8192
3,30,15,8192,8192
4,15,15,8192,16384
5,15,10,16384,16384
6,10,10,16384,30720
AETABLE_END


// Table29 PLine -- Use capture sensor setting
//Index MiniExp1/T MaxExp1/T MinGain MaxGain
AETABLE_SCENE_INDEX29
90,0
1,10000,30,1195,1195
2,30,30,1195,8192
3,30,15,8192,8192
4,15,15,8192,16384
5,15,10,16384,16384
6,10,10,16384,30720
AETABLE_END


// Table30 PLine -- Use capture sensor setting
//Index MiniExp1/T MaxExp1/T MinGain MaxGain
AETABLE_SCENE_INDEX30
90,0
1,10000,30,1195,1195
2,30,30,1195,8192
3,30,15,8192,8192
4,15,15,8192,16384
5,15,10,16384,16384
6,10,10,16384,30720
AETABLE_END


// Table31 PLine -- Use capture sensor setting
//Index MiniExp1/T MaxExp1/T MinGain MaxGain
AETABLE_SCENE_INDEX31
90,0
1,10000,30,1195,1195
2,30,30,1195,8192
3,30,15,8192,8192
4,15,15,8192,16384
5,15,10,16384,16384
6,10,10,16384,30720
AETABLE_END

AE_SCENE_AUTO,AETABLE_RPEVIEW_AUTO,AETABLE_CAPTURE_AUTO,AETABLE_VIDEO_AUTO,AETABLE_VIDEO1_AUTO,AETABLE_VIDEO2_AUTO, AETABLE_CUSTOM1_AUTO, AETABLE_CUSTOM2_AUTO,  AETABLE_CUSTOM3_AUTO, AETABLE_CUSTOM4_AUTO, AETABLE_CUSTOM5_AUTO, AETABLE_SCENE_INDEX5
AE_SCENE_NIGHT,AETABLE_RPEVIEW_AUTO,AETABLE_SCENE_INDEX1,AETABLE_VIDEO_NIGHT,AETABLE_VIDEO1_AUTO,AETABLE_VIDEO2_AUTO, AETABLE_CUSTOM1_AUTO, AETABLE_CUSTOM2_AUTO,  AETABLE_CUSTOM3_AUTO, AETABLE_CUSTOM4_AUTO, AETABLE_CUSTOM5_AUTO, AETABLE_SCENE_INDEX1
AE_SCENE_ACTION,AETABLE_RPEVIEW_AUTO,AETABLE_SCENE_INDEX2,AETABLE_VIDEO_AUTO,AETABLE_VIDEO1_AUTO,AETABLE_VIDEO2_AUTO, AETABLE_CUSTOM1_AUTO, AETABLE_CUSTOM2_AUTO,  AETABLE_CUSTOM3_AUTO, AETABLE_CUSTOM4_AUTO, AETABLE_CUSTOM5_AUTO, AETABLE_SCENE_INDEX2
AE_SCENE_BEACH,AETABLE_RPEVIEW_AUTO,AETABLE_SCENE_INDEX3,AETABLE_VIDEO_AUTO,AETABLE_VIDEO1_AUTO,AETABLE_VIDEO2_AUTO, AETABLE_CUSTOM1_AUTO, AETABLE_CUSTOM2_AUTO,  AETABLE_CUSTOM3_AUTO, AETABLE_CUSTOM4_AUTO, AETABLE_CUSTOM5_AUTO, AETABLE_SCENE_INDEX3
AE_SCENE_CANDLELIGHT,AETABLE_RPEVIEW_AUTO,AETABLE_SCENE_INDEX1,AETABLE_VIDEO_AUTO,AETABLE_VIDEO1_AUTO,AETABLE_VIDEO2_AUTO, AETABLE_CUSTOM1_AUTO, AETABLE_CUSTOM2_AUTO,  AETABLE_CUSTOM3_AUTO, AETABLE_CUSTOM4_AUTO, AETABLE_CUSTOM5_AUTO, AETABLE_SCENE_INDEX1
AE_SCENE_FIREWORKS,AETABLE_RPEVIEW_AUTO,AETABLE_SCENE_INDEX4,AETABLE_VIDEO_AUTO,AETABLE_VIDEO1_AUTO,AETABLE_VIDEO2_AUTO, AETABLE_CUSTOM1_AUTO, AETABLE_CUSTOM2_AUTO,  AETABLE_CUSTOM3_AUTO, AETABLE_CUSTOM4_AUTO, AETABLE_CUSTOM5_AUTO, AETABLE_SCENE_INDEX4
AE_SCENE_LANDSCAPE,AETABLE_RPEVIEW_AUTO,AETABLE_SCENE_INDEX3,AETABLE_VIDEO_AUTO,AETABLE_VIDEO1_AUTO,AETABLE_VIDEO2_AUTO, AETABLE_CUSTOM1_AUTO, AETABLE_CUSTOM2_AUTO,  AETABLE_CUSTOM3_AUTO, AETABLE_CUSTOM4_AUTO, AETABLE_CUSTOM5_AUTO, AETABLE_SCENE_INDEX3
AE_SCENE_PORTRAIT,AETABLE_RPEVIEW_AUTO,AETABLE_SCENE_INDEX2,AETABLE_VIDEO_AUTO,AETABLE_VIDEO1_AUTO,AETABLE_VIDEO2_AUTO, AETABLE_CUSTOM1_AUTO, AETABLE_CUSTOM2_AUTO,  AETABLE_CUSTOM3_AUTO, AETABLE_CUSTOM4_AUTO, AETABLE_CUSTOM5_AUTO, AETABLE_SCENE_INDEX2
AE_SCENE_NIGHT_PORTRAIT,AETABLE_RPEVIEW_AUTO,AETABLE_SCENE_INDEX1,AETABLE_VIDEO_NIGHT,AETABLE_VIDEO1_AUTO,AETABLE_VIDEO2_AUTO, AETABLE_CUSTOM1_AUTO, AETABLE_CUSTOM2_AUTO,  AETABLE_CUSTOM3_AUTO, AETABLE_CUSTOM4_AUTO, AETABLE_CUSTOM5_AUTO, AETABLE_SCENE_INDEX1
AE_SCENE_PARTY,AETABLE_RPEVIEW_AUTO,AETABLE_SCENE_INDEX1,AETABLE_VIDEO_AUTO,AETABLE_VIDEO1_AUTO,AETABLE_VIDEO2_AUTO, AETABLE_CUSTOM1_AUTO, AETABLE_CUSTOM2_AUTO,  AETABLE_CUSTOM3_AUTO, AETABLE_CUSTOM4_AUTO, AETABLE_CUSTOM5_AUTO, AETABLE_SCENE_INDEX1
AE_SCENE_SNOW,AETABLE_RPEVIEW_AUTO,AETABLE_SCENE_INDEX3,AETABLE_VIDEO_AUTO,AETABLE_VIDEO1_AUTO,AETABLE_VIDEO2_AUTO, AETABLE_CUSTOM1_AUTO, AETABLE_CUSTOM2_AUTO,  AETABLE_CUSTOM3_AUTO, AETABLE_CUSTOM4_AUTO, AETABLE_CUSTOM5_AUTO, AETABLE_SCENE_INDEX3
AE_SCENE_SPORTS,AETABLE_RPEVIEW_AUTO,AETABLE_SCENE_INDEX2,AETABLE_VIDEO_AUTO,AETABLE_VIDEO1_AUTO,AETABLE_VIDEO2_AUTO, AETABLE_CUSTOM1_AUTO, AETABLE_CUSTOM2_AUTO,  AETABLE_CUSTOM3_AUTO, AETABLE_CUSTOM4_AUTO, AETABLE_CUSTOM5_AUTO, AETABLE_SCENE_INDEX2
AE_SCENE_STEADYPHOTO,AETABLE_RPEVIEW_AUTO,AETABLE_SCENE_INDEX2,AETABLE_VIDEO_AUTO,AETABLE_VIDEO1_AUTO,AETABLE_VIDEO2_AUTO, AETABLE_CUSTOM1_AUTO, AETABLE_CUSTOM2_AUTO,  AETABLE_CUSTOM3_AUTO, AETABLE_CUSTOM4_AUTO, AETABLE_CUSTOM5_AUTO, AETABLE_SCENE_INDEX2
AE_SCENE_SUNSET,AETABLE_RPEVIEW_AUTO,AETABLE_SCENE_INDEX3,AETABLE_VIDEO_AUTO,AETABLE_VIDEO1_AUTO,AETABLE_VIDEO2_AUTO, AETABLE_CUSTOM1_AUTO, AETABLE_CUSTOM2_AUTO,  AETABLE_CUSTOM3_AUTO, AETABLE_CUSTOM4_AUTO, AETABLE_CUSTOM5_AUTO, AETABLE_SCENE_INDEX3
AE_SCENE_THEATRE,AETABLE_RPEVIEW_AUTO,AETABLE_SCENE_INDEX1,AETABLE_VIDEO_AUTO,AETABLE_VIDEO1_AUTO,AETABLE_VIDEO2_AUTO, AETABLE_CUSTOM1_AUTO, AETABLE_CUSTOM2_AUTO,  AETABLE_CUSTOM3_AUTO, AETABLE_CUSTOM4_AUTO, AETABLE_CUSTOM5_AUTO, AETABLE_SCENE_INDEX1
AE_SCENE_ISO_ANTI_SHAKE,AETABLE_RPEVIEW_AUTO,AETABLE_SCENE_INDEX2,AETABLE_VIDEO_AUTO,AETABLE_VIDEO1_AUTO,AETABLE_VIDEO2_AUTO, AETABLE_CUSTOM1_AUTO, AETABLE_CUSTOM2_AUTO,  AETABLE_CUSTOM3_AUTO, AETABLE_CUSTOM4_AUTO, AETABLE_CUSTOM5_AUTO, AETABLE_SCENE_INDEX2
AE_SCENE_ISO100,AETABLE_RPEVIEW_AUTO,AETABLE_CAPTURE_ISO100,AETABLE_VIDEO_AUTO,AETABLE_VIDEO1_AUTO,AETABLE_VIDEO2_AUTO, AETABLE_CUSTOM1_AUTO, AETABLE_CUSTOM2_AUTO,  AETABLE_CUSTOM3_AUTO, AETABLE_CUSTOM4_AUTO, AETABLE_CUSTOM5_AUTO, AETABLE_CAPTURE_ISO100
AE_SCENE_ISO200,AETABLE_RPEVIEW_AUTO,AETABLE_CAPTURE_ISO200,AETABLE_VIDEO_AUTO,AETABLE_VIDEO1_AUTO,AETABLE_VIDEO2_AUTO, AETABLE_CUSTOM1_AUTO, AETABLE_CUSTOM2_AUTO,  AETABLE_CUSTOM3_AUTO, AETABLE_CUSTOM4_AUTO, AETABLE_CUSTOM5_AUTO, AETABLE_CAPTURE_ISO200
AE_SCENE_ISO400,AETABLE_RPEVIEW_AUTO,AETABLE_CAPTURE_ISO400,AETABLE_VIDEO_AUTO,AETABLE_VIDEO1_AUTO,AETABLE_VIDEO2_AUTO, AETABLE_CUSTOM1_AUTO, AETABLE_CUSTOM2_AUTO,  AETABLE_CUSTOM3_AUTO, AETABLE_CUSTOM4_AUTO, AETABLE_CUSTOM5_AUTO, AETABLE_CAPTURE_ISO400
AE_SCENE_ISO800,AETABLE_RPEVIEW_AUTO,AETABLE_CAPTURE_ISO800,AETABLE_VIDEO_AUTO,AETABLE_VIDEO1_AUTO,AETABLE_VIDEO2_AUTO, AETABLE_CUSTOM1_AUTO, AETABLE_CUSTOM2_AUTO,  AETABLE_CUSTOM3_AUTO, AETABLE_CUSTOM4_AUTO, AETABLE_CUSTOM5_AUTO, AETABLE_CAPTURE_ISO800
AE_SCENE_ISO1600 ,AETABLE_RPEVIEW_AUTO,AETABLE_CAPTURE_ISO1600,AETABLE_VIDEO_AUTO,AETABLE_VIDEO1_AUTO,AETABLE_VIDEO2_AUTO, AETABLE_CUSTOM1_AUTO, AETABLE_CUSTOM2_AUTO,  AETABLE_CUSTOM3_AUTO, AETABLE_CUSTOM4_AUTO, AETABLE_CUSTOM5_AUTO ,AETABLE_CAPTURE_ISO1600
,,
,,
,,
